{
  "qpos": {
    "mean": [
      0.026941418647766113,
      0.5124489665031433,
      -0.6187171339988708,
      -0.02974461391568184,
      0.49092793464660645,
      0.08170825242996216
    ],
    "std": [
      0.06422550976276398,
      0.7966073751449585,
      0.6272329688072205,
      0.1143576130270958,
      0.32214200496673584,
      0.1660400629043579
    ]
  },
  "qvel": {
    "mean": [
      0.0006822532159276307,
      -9.111275721807033e-05,
      -0.0006838798290118575,
      -0.0010987642453983426,
      -0.004506776109337807,
      0.00015402202552650124
    ],
    "std": [
      0.04347110167145729,
      0.22364601492881775,
      0.22181664407253265,
      0.0895821824669838,
      0.18982060253620148,
      0.09633338451385498
    ]
  },
  "ee_pose": {
    "mean": [
      0.582588791847229,
      0.020291222259402275,
      0.0375034436583519,
      0.04209594056010246,
      0.3803303837776184,
      0.0015135895228013396,
      0.0
    ],
    "std": [
      0.1412065476179123,
      0.03699484467506409,
      0.22266529500484467,
      0.1571948081254959,
      0.3419835865497589,
      0.11934499442577362,
      0.0
    ]
  },
  "gripper": {
    "mean": [
      -0.81474369764328,
      -0.0028504955116659403
    ],
    "std": [
      0.3028929531574249,
      0.2651028037071228
    ]
  },
  "current": {
    "mean": [
      -7.65891695022583,
      121.51942443847656,
      168.72061157226562,
      -5.8974175453186035,
      -55.35338592529297,
      -0.4028223752975464,
      -7.725586891174316,
      0.0,
      0.0
    ],
    "std": [
      60.37772750854492,
      181.3723907470703,
      107.01200103759766,
      23.748380661010742,
      66.39559173583984,
      1.4171922206878662,
      54.83071517944336,
      0.0,
      0.0
    ]
  },
  "pwm": {
    "mean": [
      -3.678999423980713,
      50.812950134277344,
      76.56558227539062,
      -3.4684970378875732,
      -32.50056457519531,
      0.20059704780578613,
      -15.023700714111328,
      0.0,
      0.0
    ],
    "std": [
      32.244693756103516,
      99.8241958618164,
      77.9896011352539,
      31.592880249023438,
      59.43415069580078,
      33.61970520019531,
      145.0379638671875,
      0.0,
      0.0
    ]
  },
  "action_arm": {
    "mean": [
      0.02694225311279297,
      0.5124182105064392,
      -0.6187145709991455,
      -0.02975502423942089,
      0.49073559045791626,
      0.08169188350439072
    ],
    "std": [
      0.06422366201877594,
      0.7965618968009949,
      0.627228856086731,
      0.11435862630605698,
      0.3222692012786865,
      0.16605131328105927
    ]
  }
}